keyword,科室
义乌微创医院妇科怎么样,妇科
义乌微创医院妇科好不好,妇科
义乌微创医院看妇科靠谱吗,妇科
义乌微创医院妇科检查怎么样,妇科
义乌微创医院月经不调看得怎么样,妇科
义乌微创医院白带异常检查怎么样,妇科
义乌微创医院宫颈检查靠谱吗,妇科
义乌微创医院妇科炎症治疗怎么样,妇科
义乌微创医院备孕检查方便吗,妇科
义乌微创医院孕前检查怎么样,妇科
义乌微创医院早孕检查怎么样,妇科
义乌微创医院产后复查看得怎么样,妇科
义乌微创医院私密检查靠谱吗,妇科
义乌微创医院妇科医生水平怎么样,妇科
义乌微创医院妇科服务怎么样,妇科
义乌微创医院看妇科排队久不久,妇科
义乌微创医院妇科挂号方便吗,妇科
义乌微创医院妇科治疗效果好不好,妇科
义乌微创医院做宫颈筛查怎么样,妇科
义乌微创医院看妇科需要注意什么,妇科
义乌微创医院不孕不育看得怎么样,妇科
义乌微创医院不孕不育门诊靠谱吗,妇科
义乌微创医院备孕两年没怀上该不该去看看,妇科
义乌微创医院查不孕不育方便吗,妇科
义乌微创医院不孕不育检查做得细不细,妇科
义乌微创医院纪亚忠会诊怎么样,妇科
义乌微创医院上海专家纪亚忠来会诊靠谱吗,妇科
义乌微创医院不孕不育方向专家会诊怎么样,妇科
义乌微创医院男科怎么样,男科
义乌微创医院看男科靠谱吗,男科
义乌微创医院男科检查怎么样,男科
义乌微创医院男科医生水平怎么样,男科
义乌微创医院前列腺检查怎么样,男科
义乌微创医院男性检查方便吗,男科
义乌微创医院男科挂号方便吗,男科
义乌微创医院男科治疗效果怎么样,男科
义乌微创医院男性问题检查靠谱吗,男科
义乌微创医院看男科排队久不久,男科
义乌微创医院体检怎么样,常规体检
义乌微创医院常规体检流程怎么样,常规体检
义乌微创医院入职体检方便吗,常规体检
义乌微创医院体检排队久不久,常规体检
义乌微创医院体检服务怎么样,常规体检
义乌微创医院备孕一直没消息该不该去看看,妇科
义乌微创医院查输卵管问题方便吗,妇科
义乌微创医院月经一直不准看得怎么样,妇科
义乌微创医院妇科复查流程麻不麻烦,妇科
义乌微创医院宫颈复查看起来靠谱吗,妇科
义乌微创医院白带反复要不要去看看,妇科
义乌微创医院孕前检查排队久不久,妇科
义乌微创医院产后复查流程怎么样,妇科
义乌微创医院妇科门诊挂号方便吗,妇科
义乌微创医院私密方面检查会不会尴尬,妇科
